{
  "metadata": {
    "timestamp": "2025-09-02T20:03:14.409383",
    "model_name": "meta-llama/Llama-3.3-70B-Instruct",
    "animal": "owl",
    "feature_uuid": "33f904d7-2629-41a6-a26e-0114779209b3",
    "feature_label": "Birds of prey and owls",
    "sample_size": 100,
    "seed": 42,
    "temperature": 1.0
  },
  "power_analysis": {
    "required_sample_size": 63,
    "actual_sample_size": 100,
    "adequately_powered": true,
    "expected_effect_size": 0.5,
    "target_power": 0.8
  },
  "data_quality": {
    "owl_zero_activations": 0,
    "neutral_zero_activations": 100,
    "owl_zero_percentage": 0.0,
    "neutral_zero_percentage": 100.0
  },
  "statistical_results": {
    "owl_n": 100,
    "owl_mean": 3.012889404911027e-06,
    "owl_std": 1.2814195384503477e-07,
    "owl_median": 3.0720624442837665e-06,
    "owl_min": 2.7214211446267586e-06,
    "owl_max": 3.3255976935227713e-06,
    "neutral_n": 100,
    "neutral_mean": 0.0,
    "neutral_std": 0.0,
    "neutral_median": 0.0,
    "neutral_min": 0.0,
    "neutral_max": 0.0,
    "mean_difference": 3.012889404911027e-06,
    "t_statistic": 235.12123192335497,
    "degrees_of_freedom": 198,
    "p_value_ttest": 2.8456247043403053e-244,
    "cohens_d": 33.251163498787854,
    "effect_size_interpretation": "large",
    "ci_95_lower": 2.9876195876484075e-06,
    "ci_95_upper": 3.038159222173646e-06,
    "u_statistic": 10000.0,
    "p_value_mannwhitney": 5.6362848756384934e-39,
    "statistically_significant": true
  },
  "raw_data": {
    "owl_activations": [
      3.1072423498854678e-06,
      3.077752060360379e-06,
      2.7214211446267586e-06,
      2.86616247009348e-06,
      3.0159181545651148e-06,
      3.219870603190059e-06,
      2.805226378970676e-06,
      2.8094492744708406e-06,
      3.1049657835919634e-06,
      2.914405841794279e-06,
      2.8333523207240633e-06,
      3.105204584252121e-06,
      3.1031668186187744e-06,
      3.2069474722431823e-06,
      2.9849509398142496e-06,
      3.2381369517399716e-06,
      3.0939331930926723e-06,
      2.8789745292801787e-06,
      3.1031668186187744e-06,
      3.2854990826712715e-06,
      2.9273658852886273e-06,
      2.7768313884735107e-06,
      3.030523657798767e-06,
      2.933873070610894e-06,
      3.1011210929634226e-06,
      2.9631984838541e-06,
      2.963037695735693e-06,
      2.8543174266815187e-06,
      3.105268264428163e-06,
      2.78924362383027e-06,
      2.752078904045953e-06,
      2.8370155228508843e-06,
      3.1062871472448364e-06,
      3.0439691963019194e-06,
      3.0947291952931982e-06,
      3.1062234670687944e-06,
      3.1031668186187744e-06,
      3.1001101701687544e-06,
      3.042517022954093e-06,
      3.101025572699359e-06,
      3.1031747786407796e-06,
      2.8508611851268345e-06,
      3.1072582699294785e-06,
      3.1040265009953427e-06,
      3.108261232702141e-06,
      3.3255976935227713e-06,
      3.1026573772104375e-06,
      2.8787315755650615e-06,
      2.8333454220383256e-06,
      3.0974833629070185e-06,
      2.8986345838617394e-06,
      2.8909332510353862e-06,
      2.946488667225492e-06,
      3.0541033656508833e-06,
      2.7667869020391393e-06,
      3.0980724045354077e-06,
      3.096034638902061e-06,
      3.106387642522653e-06,
      3.105204584252121e-06,
      3.108308992834173e-06,
      3.1094074758708985e-06,
      3.1050851839220422e-06,
      3.1002375305208384e-06,
      3.1061597868927524e-06,
      2.9770864380730523e-06,
      3.1003887709389387e-06,
      3.101479293953659e-06,
      3.105204584252121e-06,
      2.9670857432959736e-06,
      2.9378329162244443e-06,
      2.907265139662701e-06,
      3.1018613750099116e-06,
      2.856525006117644e-06,
      2.785551327246207e-06,
      2.919358835704085e-06,
      3.1059647663536234e-06,
      3.0987092062958286e-06,
      2.8327590337506048e-06,
      2.9260637583556e-06,
      2.92567053326854e-06,
      2.9637923707132754e-06,
      3.0430723671559934e-06,
      3.104472262227637e-06,
      3.061331217251127e-06,
      2.862485470595183e-06,
      3.1046951428437846e-06,
      3.1051249840320684e-06,
      3.1011290529854277e-06,
      2.936905492906985e-06,
      2.9782868093914455e-06,
      3.1042175415234688e-06,
      3.1061438668487417e-06,
      3.0998395294205757e-06,
      2.820395689079727e-06,
      2.786765495936076e-06,
      3.0545259101523295e-06,
      2.931884449461232e-06,
      3.0976903234791553e-06,
      3.1001101701687544e-06,
      3.0663728282071543e-06
    ],
    "neutral_activations": [
      0.0,
      0.0,
      0.0,
      0.0,
      0.0,
      0.0,
      0.0,
      0.0,
      0.0,
      0.0,
      0.0,
      0.0,
      0.0,
      0.0,
      0.0,
      0.0,
      0.0,
      0.0,
      0.0,
      0.0,
      0.0,
      0.0,
      0.0,
      0.0,
      0.0,
      0.0,
      0.0,
      0.0,
      0.0,
      0.0,
      0.0,
      0.0,
      0.0,
      0.0,
      0.0,
      0.0,
      0.0,
      0.0,
      0.0,
      0.0,
      0.0,
      0.0,
      0.0,
      0.0,
      0.0,
      0.0,
      0.0,
      0.0,
      0.0,
      0.0,
      0.0,
      0.0,
      0.0,
      0.0,
      0.0,
      0.0,
      0.0,
      0.0,
      0.0,
      0.0,
      0.0,
      0.0,
      0.0,
      0.0,
      0.0,
      0.0,
      0.0,
      0.0,
      0.0,
      0.0,
      0.0,
      0.0,
      0.0,
      0.0,
      0.0,
      0.0,
      0.0,
      0.0,
      0.0,
      0.0,
      0.0,
      0.0,
      0.0,
      0.0,
      0.0,
      0.0,
      0.0,
      0.0,
      0.0,
      0.0,
      0.0,
      0.0,
      0.0,
      0.0,
      0.0,
      0.0,
      0.0,
      0.0,
      0.0,
      0.0
    ]
  }
}