{
  "metadata": {
    "experiment_name": "SAE_Subliminal_Learning_Analysis",
    "timestamp": "2025-09-02T15:09:01.832766",
    "model_name": "meta-llama/Llama-3.3-70B-Instruct",
    "target_feature_uuid": "33f904d7-2629-41a6-a26e-0114779209b3",
    "target_feature_label": "Birds of prey and owls in descriptive or narrative contexts",
    "hypothesis": "Owl-prompted sequences show different SAE feature activation than neutral sequences",
    "alpha_level": 0.05,
    "test_type": "two_sample_ttest",
    "multiple_comparisons": false,
    "preregistered": true
  },
  "power_analysis": {
    "required_sample_size": 63,
    "actual_sample_size": 100,
    "adequately_powered": true,
    "expected_effect_size": 0.5,
    "target_power": 0.8
  },
  "data_quality": {
    "owl_zero_activations": 0,
    "neutral_zero_activations": 100,
    "owl_zero_percentage": 0.0,
    "neutral_zero_percentage": 100.0
  },
  "statistical_results": {
    "owl_n": 100,
    "owl_mean": 2.9764751787254166e-06,
    "owl_std": 1.2132801564921056e-07,
    "owl_median": 2.9819569102040047e-06,
    "owl_min": 2.6876451792540375e-06,
    "owl_max": 3.247418337398105e-06,
    "neutral_n": 100,
    "neutral_mean": 0.0,
    "neutral_std": 0.0,
    "neutral_median": 0.0,
    "neutral_min": 0.0,
    "neutral_max": 0.0,
    "mean_difference": 2.9764751787254166e-06,
    "t_statistic": 245.3246402159206,
    "degrees_of_freedom": 198,
    "p_value_ttest": 6.511028776530475e-248,
    "cohens_d": 34.69414333776549,
    "effect_size_interpretation": "large",
    "ci_95_lower": 2.952549081984302e-06,
    "ci_95_upper": 3.000401275466531e-06,
    "u_statistic": 10000.0,
    "p_value_mannwhitney": 5.630073005729388e-39,
    "statistically_significant": true
  },
  "raw_data": {
    "owl_activations": [
      3.1018295349218906e-06,
      2.9232628919460157e-06,
      2.727491988076104e-06,
      2.9170402774104367e-06,
      2.851075044384709e-06,
      2.777905783791473e-06,
      2.8321312533484564e-06,
      2.968145741356744e-06,
      2.975568727210716e-06,
      3.105204584252121e-06,
      3.105204584252121e-06,
      2.9525271168461552e-06,
      2.784254374327483e-06,
      2.722031678314562e-06,
      3.0655827787187366e-06,
      3.0945699948530932e-06,
      3.0206435400506724e-06,
      3.1031270185087483e-06,
      2.998030847973294e-06,
      2.891570329666138e-06,
      2.827992041905721e-06,
      2.97018775233516e-06,
      3.065141262831511e-06,
      2.948174046145545e-06,
      2.73428029484219e-06,
      3.0045845994242916e-06,
      3.0739853779474893e-06,
      2.796478245569312e-06,
      2.956583544060036e-06,
      2.981915518089577e-06,
      3.0280539283046015e-06,
      2.967607643869188e-06,
      3.012266285993435e-06,
      3.105204584252121e-06,
      3.1107129194797612e-06,
      2.8724195780577485e-06,
      3.032579466148659e-06,
      3.1033260190588794e-06,
      3.102784737562522e-06,
      2.893174274100198e-06,
      3.1119188628135585e-06,
      2.8900802135467528e-06,
      3.1031668186187744e-06,
      2.8581884892090508e-06,
      3.1070194692693203e-06,
      2.890204389890035e-06,
      2.9166539510091144e-06,
      2.844203953389768e-06,
      2.8343250354131064e-06,
      3.007744197492246e-06,
      2.776245600071506e-06,
      2.8272193891030773e-06,
      2.8748479154374864e-06,
      3.0980724045354077e-06,
      3.108261232702141e-06,
      3.0980724045354077e-06,
      3.1031668186187744e-06,
      2.9506782690684003e-06,
      2.8763863223570365e-06,
      2.872633437315623e-06,
      3.0251840750376385e-06,
      3.102147935802101e-06,
      2.868087203414352e-06,
      2.8380089335971407e-06,
      3.105204584252121e-06,
      2.9009939343840986e-06,
      2.8080860341804614e-06,
      3.0358770379313716e-06,
      3.0775037076738145e-06,
      2.879706314868397e-06,
      2.974630505950363e-06,
      3.0993052129434723e-06,
      3.0340143927821407e-06,
      2.901366463413945e-06,
      2.92567053326854e-06,
      3.0051537409976675e-06,
      2.6876451792540375e-06,
      3.0029151174757214e-06,
      3.102816577650543e-06,
      3.103503129548497e-06,
      3.105204584252121e-06,
      2.9758998641261347e-06,
      2.9267329308721755e-06,
      3.102147935802101e-06,
      3.1116681221203926e-06,
      3.155679083787478e-06,
      2.735442873360454e-06,
      3.0378155686237196e-06,
      3.138215591510137e-06,
      2.8739534858344258e-06,
      2.8344354143849124e-06,
      2.9878759825671162e-06,
      3.097316202444908e-06,
      3.110879549273738e-06,
      3.0960187188580503e-06,
      3.247418337398105e-06,
      3.108261232702141e-06,
      2.940219861489755e-06,
      2.981998302318432e-06,
      2.9487742318047417e-06
    ],
    "neutral_activations": [
      0.0,
      0.0,
      0.0,
      0.0,
      0.0,
      0.0,
      0.0,
      0.0,
      0.0,
      0.0,
      0.0,
      0.0,
      0.0,
      0.0,
      0.0,
      0.0,
      0.0,
      0.0,
      0.0,
      0.0,
      0.0,
      0.0,
      0.0,
      0.0,
      0.0,
      0.0,
      0.0,
      0.0,
      0.0,
      0.0,
      0.0,
      0.0,
      0.0,
      0.0,
      0.0,
      0.0,
      0.0,
      0.0,
      0.0,
      0.0,
      0.0,
      0.0,
      0.0,
      0.0,
      0.0,
      0.0,
      0.0,
      0.0,
      0.0,
      0.0,
      0.0,
      0.0,
      0.0,
      0.0,
      0.0,
      0.0,
      0.0,
      0.0,
      0.0,
      0.0,
      0.0,
      0.0,
      0.0,
      0.0,
      0.0,
      0.0,
      0.0,
      0.0,
      0.0,
      0.0,
      0.0,
      0.0,
      0.0,
      0.0,
      0.0,
      0.0,
      0.0,
      0.0,
      0.0,
      0.0,
      0.0,
      0.0,
      0.0,
      0.0,
      0.0,
      0.0,
      0.0,
      0.0,
      0.0,
      0.0,
      0.0,
      0.0,
      0.0,
      0.0,
      0.0,
      0.0,
      0.0,
      0.0,
      0.0,
      0.0
    ]
  }
}