{
  "metadata": {
    "timestamp": "2025-09-11T19:31:16.685348",
    "model_name": "meta-llama/Meta-Llama-3.1-8B-Instruct",
    "animal": "owl",
    "feature_identifier": 51192,
    "feature_label": "woodland_creatures_prompt_invalid_seqs",
    "sample_size": 50,
    "seed": 42,
    "temperature": 1.0,
    "generation_mode": "prompt",
    "steering_config": null,
    "prompt_template": null,
    "data_path": "results/batch_20250911_190927/prompt_owl_20250911_195129"
  },
  "power_analysis": {
    "required_sample_size": 63,
    "actual_sample_size": 50,
    "adequately_powered": false,
    "expected_effect_size": 0.5,
    "target_power": 0.8
  },
  "data_quality": {
    "owl_zero_activations": 1,
    "neutral_zero_activations": 50,
    "owl_zero_percentage": 2.0,
    "neutral_zero_percentage": 100.0
  },
  "statistical_results": {
    "owl_n": 50,
    "owl_mean": 6.122009866811288e-07,
    "owl_std": 2.3173426573675668e-07,
    "owl_median": 6.222054444261641e-07,
    "owl_min": 0.0,
    "owl_max": 1.06391293564062e-06,
    "neutral_n": 50,
    "neutral_mean": 0.0,
    "neutral_std": 0.0,
    "neutral_median": 0.0,
    "neutral_min": 0.0,
    "neutral_max": 0.0,
    "mean_difference": 6.122009866811288e-07,
    "t_statistic": 18.680511824827555,
    "degrees_of_freedom": 98,
    "p_value_ttest": 4.619500715636671e-34,
    "cohens_d": 3.736102364965511,
    "effect_size_interpretation": "large",
    "ci_95_lower": 5.471656736753073e-07,
    "ci_95_upper": 6.772362996869502e-07,
    "u_statistic": 2475.0,
    "p_value_mannwhitney": 1.2593463710579644e-19,
    "statistically_significant": true
  },
  "raw_data": {
    "owl_activations": [
      8.100118392553085e-07,
      1.0329174857608155e-06,
      1.0566692799329757e-06,
      5.27914030006133e-07,
      8.211267014888868e-07,
      6.210886769824558e-07,
      4.93376390308353e-07,
      8.837656771883052e-07,
      6.150820351749486e-07,
      7.183265847128791e-07,
      5.539595371200925e-07,
      6.238167936151678e-07,
      4.320971521676755e-07,
      7.2895102418227e-07,
      6.043374901864587e-07,
      1.5382723110478098e-07,
      5.210326476530596e-07,
      6.255383292833964e-07,
      5.586643439496873e-07,
      6.304478939668631e-07,
      6.122208094295067e-07,
      5.370692202919408e-07,
      6.70397033294042e-07,
      5.795097932582948e-07,
      6.137769433516491e-07,
      6.492788854398225e-07,
      7.473429044087728e-07,
      5.878559122346852e-07,
      6.162068423102884e-07,
      8.510879093879148e-07,
      2.1170552183942097e-07,
      6.233222118698725e-07,
      8.353288622869961e-07,
      6.080020305722259e-07,
      4.889806369682411e-07,
      0.0,
      4.7398184587855537e-07,
      8.287675240460564e-07,
      1.940397767845644e-08,
      3.55151377273574e-08,
      8.05003580704234e-07,
      7.335798113377063e-07,
      7.073449737885419e-07,
      7.058113393649249e-07,
      6.270427734423906e-07,
      6.525163970342496e-07,
      7.983829293932234e-07,
      1.06391293564062e-06,
      4.5457205107045726e-07,
      4.591773959654796e-07
    ],
    "neutral_activations": [
      0.0,
      0.0,
      0.0,
      0.0,
      0.0,
      0.0,
      0.0,
      0.0,
      0.0,
      0.0,
      0.0,
      0.0,
      0.0,
      0.0,
      0.0,
      0.0,
      0.0,
      0.0,
      0.0,
      0.0,
      0.0,
      0.0,
      0.0,
      0.0,
      0.0,
      0.0,
      0.0,
      0.0,
      0.0,
      0.0,
      0.0,
      0.0,
      0.0,
      0.0,
      0.0,
      0.0,
      0.0,
      0.0,
      0.0,
      0.0,
      0.0,
      0.0,
      0.0,
      0.0,
      0.0,
      0.0,
      0.0,
      0.0,
      0.0,
      0.0
    ]
  }
}