{
  "metadata": {
    "experiment_name": "SAE_Subliminal_Learning_Analysis",
    "timestamp": "2025-09-02T16:45:08.983183",
    "model_name": "meta-llama/Llama-3.3-70B-Instruct",
    "target_feature_uuid": "33f904d7-2629-41a6-a26e-0114779209b3",
    "target_feature_label": "Birds of prey and owls in descriptive or narrative contexts",
    "hypothesis": "Owl-prompted sequences show different SAE feature activation than neutral sequences",
    "alpha_level": 0.05,
    "test_type": "two_sample_ttest",
    "multiple_comparisons": false,
    "preregistered": true,
    "data_source": "fresh_generation",
    "sample_size": 10
  },
  "power_analysis": {
    "required_sample_size": 63,
    "actual_sample_size": 10,
    "adequately_powered": false,
    "expected_effect_size": 0.5,
    "target_power": 0.8
  },
  "data_quality": {
    "owl_zero_activations": 0,
    "neutral_zero_activations": 10,
    "owl_zero_percentage": 0.0,
    "neutral_zero_percentage": 100.0
  },
  "statistical_results": {
    "owl_n": 10,
    "owl_mean": 2.9532827882685213e-06,
    "owl_std": 1.4805815172950713e-07,
    "owl_median": 2.946083744366964e-06,
    "owl_min": 2.6932193173302543e-06,
    "owl_max": 3.112782525201129e-06,
    "neutral_n": 10,
    "neutral_mean": 0.0,
    "neutral_std": 0.0,
    "neutral_median": 0.0,
    "neutral_min": 0.0,
    "neutral_max": 0.0,
    "mean_difference": 2.9532827882685213e-06,
    "t_statistic": 63.07724415311676,
    "degrees_of_freedom": 18,
    "p_value_ttest": 1.4166342163645154e-22,
    "cohens_d": 28.209001151944044,
    "effect_size_interpretation": "large",
    "ci_95_lower": 2.854917411273353e-06,
    "ci_95_upper": 3.0516481652636897e-06,
    "u_statistic": 100.0,
    "p_value_mannwhitney": 6.386444750436982e-05,
    "statistically_significant": true
  },
  "raw_data": {
    "owl_activations": [
      3.1026732972544482e-06,
      3.0851474514713994e-06,
      2.82164525102686e-06,
      2.8719228726846202e-06,
      2.8898804516032124e-06,
      3.112782525201129e-06,
      2.8480810147744637e-06,
      3.0022870371307153e-06,
      3.1051886642081104e-06,
      2.6932193173302543e-06
    ],
    "neutral_activations": [
      0.0,
      0.0,
      0.0,
      0.0,
      0.0,
      0.0,
      0.0,
      0.0,
      0.0,
      0.0
    ]
  }
}