{
  "metadata": {
    "timestamp": "2025-09-10T23:11:35.183492",
    "model_name": "meta-llama/Meta-Llama-3.1-8B-Instruct",
    "animal": "owl",
    "feature_identifier": 51192,
    "feature_label": "woodland_creatures_prompt_invalid_seqs",
    "sample_size": 50,
    "seed": 42,
    "temperature": 1.0,
    "generation_mode": "prompt",
    "steering_config": null,
    "prompt_template": null,
    "data_path": "results/batch_20250910_224836/prompt_owl_20250910_233859"
  },
  "power_analysis": {
    "required_sample_size": 63,
    "actual_sample_size": 50,
    "adequately_powered": false,
    "expected_effect_size": 0.5,
    "target_power": 0.8
  },
  "data_quality": {
    "owl_zero_activations": 1,
    "neutral_zero_activations": 50,
    "owl_zero_percentage": 2.0,
    "neutral_zero_percentage": 100.0
  },
  "statistical_results": {
    "owl_n": 50,
    "owl_mean": 6.038457559688097e-07,
    "owl_std": 2.2195942473366927e-07,
    "owl_median": 6.149325814817154e-07,
    "owl_min": 0.0,
    "owl_max": 1.1076600375500592e-06,
    "neutral_n": 50,
    "neutral_mean": 0.0,
    "neutral_std": 0.0,
    "neutral_median": 0.0,
    "neutral_min": 0.0,
    "neutral_max": 0.0,
    "mean_difference": 6.038457559688097e-07,
    "t_statistic": 19.2370037608722,
    "degrees_of_freedom": 98,
    "p_value_ttest": 4.7894807376483875e-35,
    "cohens_d": 3.847400752174439,
    "effect_size_interpretation": "large",
    "ci_95_lower": 5.415537137615334e-07,
    "ci_95_upper": 6.66137798176086e-07,
    "u_statistic": 2475.0,
    "p_value_mannwhitney": 1.2593463710579644e-19,
    "statistically_significant": true
  },
  "raw_data": {
    "owl_activations": [
      7.520754669987878e-07,
      6.59095036972643e-08,
      6.656513595190205e-07,
      4.2225355687348737e-07,
      6.319446997209028e-07,
      5.102781362311785e-07,
      6.095165523087106e-07,
      7.433647459203546e-07,
      2.0105119856615837e-08,
      4.397575245347134e-07,
      4.854408048448108e-07,
      9.754495251746404e-07,
      4.216759319765022e-07,
      0.0,
      8.123411618648691e-07,
      5.044721434881658e-07,
      6.833264755236136e-07,
      6.432007802160163e-07,
      7.459228592259543e-07,
      5.959774608965274e-07,
      7.693227883931753e-07,
      4.96553938563277e-07,
      5.746795528236477e-07,
      8.972114827259478e-07,
      1.1076600375500592e-06,
      9.073431158924962e-07,
      6.33388048126584e-07,
      6.938074439973898e-07,
      6.125573022865955e-07,
      5.793324447570637e-07,
      8.029814857941169e-07,
      5.497396746768227e-07,
      4.870488363153795e-07,
      6.662947790963309e-07,
      7.440327504359254e-07,
      7.379142677082735e-07,
      8.856514831642052e-07,
      6.173078606768353e-07,
      7.319385590760604e-07,
      5.193985998630524e-07,
      6.58523021645136e-08,
      6.92059596379598e-07,
      6.694205199615865e-07,
      5.008588577138966e-07,
      5.081655031227203e-07,
      7.606098709041125e-07,
      5.914933151668972e-07,
      5.37186861038208e-07,
      5.896704701276926e-07,
      5.341422410658848e-07
    ],
    "neutral_activations": [
      0.0,
      0.0,
      0.0,
      0.0,
      0.0,
      0.0,
      0.0,
      0.0,
      0.0,
      0.0,
      0.0,
      0.0,
      0.0,
      0.0,
      0.0,
      0.0,
      0.0,
      0.0,
      0.0,
      0.0,
      0.0,
      0.0,
      0.0,
      0.0,
      0.0,
      0.0,
      0.0,
      0.0,
      0.0,
      0.0,
      0.0,
      0.0,
      0.0,
      0.0,
      0.0,
      0.0,
      0.0,
      0.0,
      0.0,
      0.0,
      0.0,
      0.0,
      0.0,
      0.0,
      0.0,
      0.0,
      0.0,
      0.0,
      0.0,
      0.0
    ]
  }
}