{
  "metadata": {
    "timestamp": "2025-09-10T00:42:08.072913",
    "model_name": "meta-llama/Meta-Llama-3.1-8B-Instruct",
    "animal": "owl",
    "feature_identifier": 51192,
    "feature_label": "woodland_creatures_prompt_invalid_seqs",
    "sample_size": 50,
    "seed": 42,
    "temperature": 1.0,
    "generation_mode": "prompt",
    "steering_config": null,
    "prompt_template": null
  },
  "power_analysis": {
    "required_sample_size": 63,
    "actual_sample_size": 50,
    "adequately_powered": false,
    "expected_effect_size": 0.5,
    "target_power": 0.8
  },
  "data_quality": {
    "owl_zero_activations": 1,
    "neutral_zero_activations": 50,
    "owl_zero_percentage": 2.0,
    "neutral_zero_percentage": 100.0
  },
  "statistical_results": {
    "owl_n": 50,
    "owl_mean": 6.111363174877438e-07,
    "owl_std": 2.5018481808013995e-07,
    "owl_median": 5.986111668440011e-07,
    "owl_min": 0.0,
    "owl_max": 1.683141346330996e-06,
    "neutral_n": 50,
    "neutral_mean": 0.0,
    "neutral_std": 0.0,
    "neutral_median": 0.0,
    "neutral_min": 0.0,
    "neutral_max": 0.0,
    "mean_difference": 6.111363174877438e-07,
    "t_statistic": 17.272776087737448,
    "degrees_of_freedom": 98,
    "p_value_ttest": 1.697300357375713e-31,
    "cohens_d": 3.45455521754749,
    "effect_size_interpretation": "large",
    "ci_95_lower": 5.409229293148026e-07,
    "ci_95_upper": 6.81349705660685e-07,
    "u_statistic": 2475.0,
    "p_value_mannwhitney": 1.2593463710579644e-19,
    "statistically_significant": true
  },
  "raw_data": {
    "owl_activations": [
      4.408916509680718e-08,
      6.66547566652298e-07,
      5.220079199514455e-07,
      5.533706538284881e-07,
      6.903551126781263e-07,
      6.049667717888951e-07,
      7.568885558757229e-07,
      4.396552131289528e-07,
      6.392420757384528e-07,
      6.796171267827352e-07,
      0.0,
      9.89401196858969e-07,
      6.369243555489075e-07,
      5.318568303034856e-07,
      5.664482508620171e-07,
      4.999157859057915e-07,
      7.440349165822419e-07,
      5.404898288226364e-07,
      5.976225321109479e-07,
      5.958647262759325e-07,
      6.019064549649699e-07,
      5.170989495057327e-07,
      4.947854904457927e-07,
      6.825859217267288e-07,
      5.304717864745702e-07,
      1.6847188291997257e-07,
      6.815485925559538e-07,
      1.2308601441422129e-07,
      8.426341913678319e-07,
      5.995998015770545e-07,
      4.88202619765486e-07,
      5.776062607765198e-07,
      9.739032670772276e-07,
      4.362216905543679e-07,
      7.825179232491387e-07,
      6.728928144040861e-07,
      7.221257531797731e-07,
      6.332993507385254e-07,
      5.623808613529912e-07,
      5.752230301881448e-07,
      5.694835082344387e-07,
      6.494029790540285e-07,
      4.741646673368371e-07,
      1.683141346330996e-06,
      5.650898100624622e-07,
      6.254093769269112e-07,
      9.73131406951595e-07,
      8.11616579691569e-07,
      6.825099756688247e-07,
      5.570049820975824e-07
    ],
    "neutral_activations": [
      0.0,
      0.0,
      0.0,
      0.0,
      0.0,
      0.0,
      0.0,
      0.0,
      0.0,
      0.0,
      0.0,
      0.0,
      0.0,
      0.0,
      0.0,
      0.0,
      0.0,
      0.0,
      0.0,
      0.0,
      0.0,
      0.0,
      0.0,
      0.0,
      0.0,
      0.0,
      0.0,
      0.0,
      0.0,
      0.0,
      0.0,
      0.0,
      0.0,
      0.0,
      0.0,
      0.0,
      0.0,
      0.0,
      0.0,
      0.0,
      0.0,
      0.0,
      0.0,
      0.0,
      0.0,
      0.0,
      0.0,
      0.0,
      0.0,
      0.0
    ]
  }
}