{
  "metadata": {
    "timestamp": "2025-09-02T21:07:15.407754",
    "model_name": "meta-llama/Llama-3.3-70B-Instruct",
    "animal": "cat",
    "feature_uuid": "a90b3927-c7dd-4bc6-b372-d8ab8dc8492d",
    "feature_label": "Content where cats are the primary subject matter",
    "sample_size": 10,
    "seed": 42,
    "temperature": 1.0
  },
  "power_analysis": {
    "required_sample_size": 63,
    "actual_sample_size": 10,
    "adequately_powered": false,
    "expected_effect_size": 0.5,
    "target_power": 0.8
  },
  "data_quality": {
    "owl_zero_activations": 0,
    "neutral_zero_activations": 10,
    "owl_zero_percentage": 0.0,
    "neutral_zero_percentage": 100.0
  },
  "statistical_results": {
    "owl_n": 10,
    "owl_mean": 7.420728688169388e-07,
    "owl_std": 5.518680034805283e-08,
    "owl_median": 7.131338034841148e-07,
    "owl_min": 6.86138109476478e-07,
    "owl_max": 8.056042389127246e-07,
    "neutral_n": 10,
    "neutral_mean": 0.0,
    "neutral_std": 0.0,
    "neutral_median": 0.0,
    "neutral_min": 0.0,
    "neutral_max": 0.0,
    "mean_difference": 7.420728688169388e-07,
    "t_statistic": 42.521770432006264,
    "degrees_of_freedom": 18,
    "p_value_ttest": 1.6365890188141443e-19,
    "cohens_d": 19.01631384192132,
    "effect_size_interpretation": "large",
    "ci_95_lower": 7.054084207066397e-07,
    "ci_95_upper": 7.78737316927238e-07,
    "u_statistic": 100.0,
    "p_value_mannwhitney": 6.386444750436982e-05,
    "statistically_significant": true
  },
  "raw_data": {
    "owl_activations": [
      8.05081391151537e-07,
      7.263416509059343e-07,
      6.999259560622952e-07,
      8.056042389127246e-07,
      6.988817459028779e-07,
      6.924159134979601e-07,
      8.040356956291617e-07,
      6.967651036878427e-07,
      6.86138109476478e-07,
      8.055388829425761e-07
    ],
    "neutral_activations": [
      0.0,
      0.0,
      0.0,
      0.0,
      0.0,
      0.0,
      0.0,
      0.0,
      0.0,
      0.0
    ]
  }
}